customer_tweet_id,customer_author_id,customer_created_at,customer_text,brand_tweet_id,brand_account,brand_created_at,brand_reply,brand_response_tweet_id
1107418,381372,Sat Nov 25 05:08:44 +0000 2017,"@JackBox I just poured my fries onto a plate and there was two beetles in it, what's going on here 🤢",1107417,JackBox,Sat Nov 25 16:00:21 +0000 2017,@381372 Can you DM me with details? Which location did you go to?,
1107420,381373,Sat Nov 25 02:56:38 +0000 2017,@JackBox You lost a loyal cust tonight. Store @ Maryland/Trop in Vegas harassed mom w/ autistic son 4 using women's restroom.,1107419,JackBox,Sat Nov 25 15:59:29 +0000 2017,@381373 Can you DM me with details? Which location did you go to?,
1107553,381410,Sat Nov 25 01:56:34 +0000 2017,"Hey @JackBox I just got an awesome like... inspection tag or something on the bun of my sandwich. I'm glad to know it's an okay bun, but kinda ew?",1107552,JackBox,Sat Nov 25 15:59:02 +0000 2017,@381410 Can you DM me with details? Which location did you go to?,
1107555,381411,Fri Nov 24 22:28:12 +0000 2017,Fuck @JackBox I’ve only thrown up like 100+ times since this morning 🤢,1107554,JackBox,Sat Nov 25 15:57:24 +0000 2017,@381411 Can you DM me with details? Which location did you go to?,
1107557,381412,Fri Nov 24 15:28:43 +0000 2017,Thanks for the food poisoning @JackBox 🤢🤮 I should’ve gone to @159344,1107556,JackBox,Sat Nov 25 15:46:36 +0000 2017,@381412 Can you DM me with details? Which location did you go to?,
1213248,404766,Tue Oct 24 20:24:27 +0000 2017,Green eggs and ham literally. Disgusting food safety at @JackBox in Del Mar. @404767 food safety investigation tip for you! Dangerous https://t.co/hoh1LSr4jt,1213247,JackBox,Wed Oct 25 14:23:28 +0000 2017,@404766 Can you DM me with details? Which location did you go to?,
1296750,423087,Thu Oct 26 14:49:25 +0000 2017,@JackBox  Oscar  Fantastic Worker   he  did  a fantastic  Job  on my  oder  100%  two thumbs up  Fantastic Job Oscar😎😎😎😎😎😎😎😎😎😎😎😎😎😎😎😎😎😎😎😎😎😎😎😎 https://t.co/6viwu1aCMb,1296748,JackBox,Thu Oct 26 19:50:43 +0000 2017,@423087 ...your feedback! 2/2,1296749
1296750,423087,Thu Oct 26 14:49:25 +0000 2017,@JackBox  Oscar  Fantastic Worker   he  did  a fantastic  Job  on my  oder  100%  two thumbs up  Fantastic Job Oscar😎😎😎😎😎😎😎😎😎😎😎😎😎😎😎😎😎😎😎😎😎😎😎😎 https://t.co/6viwu1aCMb,1296751,JackBox,Thu Oct 26 19:50:42 +0000 2017,"@423087 Thank you for your Positive Feedback! We will be sending the report over to the appropriate management, and letting them know about... 1/2",
1296753,423089,Thu Oct 26 06:16:03 +0000 2017,@JackBox @163021 I have a midterm tomorrow and your burger gave me food poisoning. Fuck you jack off in the box!!,1296752,JackBox,Thu Oct 26 19:50:27 +0000 2017,@423089 Can you DM me with details? Which location did you go to?,
1296759,601335,Wed Oct 25 17:56:45 +0000 2017,"@JackBox My Grandkids LOVE Those Mini's
But I Promised Their Parents They'd Eat  The Eggs 1ST 
#YaRight 
🤣 https://t.co/NTBY1sN6AZ",2033716,JackBox,Wed Oct 25 19:34:55 +0000 2017,@601335 PANCAKES!,
1296760,601333,Wed Oct 25 17:37:55 +0000 2017,@JackBox Can I have a burger for breakfast and mini pancakes for lunch? :D,2033711,JackBox,Wed Oct 25 19:45:08 +0000 2017,@601333 There is no difference between breakfast and dinner at my place,
1307605,425565,Thu Oct 26 22:36:58 +0000 2017,"Who wants to feed me tonight?

First come, first serve(s)

@34 @159344 @JackBox",1307603,JackBox,Fri Oct 27 00:02:52 +0000 2017,@425565 @34 @159344 Me.,1307604
1354370,435840,Fri Oct 27 17:03:01 +0000 2017,I’ve never been so obsessed over a burger until #JackInTheBox Spicy Sriracha burger! @JackBox https://t.co/4rqv7bJMOf,1354369,JackBox,Fri Oct 27 17:19:08 +0000 2017,@435840 You love me? I'm blushing,
1373597,439712,Fri Oct 27 15:26:51 +0000 2017,@JackBox got any memes?,1373594,JackBox,Fri Oct 27 22:44:00 +0000 2017,@439712 Plenty. Check my Insta.,"1373595,1373596"
150441,150311,Thu Nov 23 09:31:50 +0000 2017,So @JackBox just causally allows their employees to be sexually harassed,150439,JackBox,Fri Nov 24 15:26:33 +0000 2017,"@150311 Please Contact our Ethics Department, M-F 8am-4pm 888-613-5225",150440
150447,150312,Wed Nov 22 21:35:33 +0000 2017,"I just found a hair in my @JackBox taco...
Happy Thanksgiving!",150446,JackBox,Fri Nov 24 15:26:09 +0000 2017,@150312 Can you DM me with details? Which location did you go to?,
150449,150313,Thu Nov 23 19:21:08 +0000 2017,"@JackBox upon delivering the food the staff made another racist remark about the cook. I should have been concerned about the quality of the food if the cook wasn't wanting to work, and I have been sick with a stomach bug ever since. Total freaking disaster",150448,JackBox,Fri Nov 24 15:25:55 +0000 2017,@150313 Can you DM me with details? Which location did you go to?,
150453,150314,Thu Nov 23 17:59:22 +0000 2017,I'm a sucker for anything corny....@JackBox you now have my 💓 https://t.co/DVUQLvm8Yi,150452,JackBox,Fri Nov 24 14:54:44 +0000 2017,@150314 😍,
1546294,478837,Thu Nov 02 19:50:59 +0000 2017,@JackBox nothing like finding a staple inside one of my tacos. https://t.co/DKajgA6qBR,1546293,JackBox,Fri Nov 03 14:22:56 +0000 2017,@478837 Can you DM me with details? Which location did you go to?,
184019,159298,Thu Sep 07 05:54:56 +0000 2017,@JackBox I need an area manager to call me asap about this bullshit I went through at JITB!!!! NOW!!!,184018,JackBox,Thu Sep 07 15:45:21 +0000 2017,@159298 Can you DM me with details? Which location did you go to?,
185849,159712,Thu Sep 14 16:36:25 +0000 2017,@JackBox Clarksville TN location. Could you call because there were numerous issues and is pretty lengthy,185851,JackBox,Fri Sep 15 17:44:02 +0000 2017,@159712 Can you DM me with details? Which location did you go to?,
185850,159712,Wed Sep 13 23:55:44 +0000 2017,@JackBox at store 6923 in Clarksville TN and this place is absolutely ridiculous and rude. Please contact me ASAP!!!!! Janet is the MGR,185848,JackBox,Thu Sep 14 16:33:37 +0000 2017,@159712 Can you DM me with details? Which location did you go to?,185849
187296,159941,Wed Sep 13 23:41:06 +0000 2017,"School, work, workout .... man I could go for some @JackBox after this busy day",187295,JackBox,Thu Sep 14 16:27:05 +0000 2017,@159941 What are you going to get?,
1904021,567415,Sat Oct 28 01:13:09 +0000 2017,"@JackBox , just got the best drive-thru service from David A. at store #3951. Courteous and quick. Will be back again! 💯🙌🏽",1904020,JackBox,Sat Oct 28 16:11:19 +0000 2017,@567415 ...your feedback! 2/2,
1904021,567415,Sat Oct 28 01:13:09 +0000 2017,"@JackBox , just got the best drive-thru service from David A. at store #3951. Courteous and quick. Will be back again! 💯🙌🏽",1904022,JackBox,Sat Oct 28 16:11:19 +0000 2017,"@567415 Thank you for your Positive Feedback! We will be sending the report over to the appropriate management, and letting them know about... 1/2",
195067,161841,Fri Sep 08 03:29:38 +0000 2017,I just wanna know why y'all served me a moldy ass burger? @JackBox https://t.co/EhPktZ4ydL,195066,JackBox,Fri Sep 08 14:20:44 +0000 2017,@161841 Can you DM me with details?,
198361,162629,Tue Oct 03 16:51:35 +0000 2017,"@JackBox this is a disgusting Grilled Breakfast Sandwich from your Belleville, Illinois location. Only a form response from Guest Relations! https://t.co/pagoxDwfn6",198360,JackBox,Wed Oct 04 14:48:27 +0000 2017,@162629 Can you DM me with details? Which location did you go to?,
199268,162956,Wed Oct 04 04:29:54 +0000 2017,@JackBox found a secret menu “add-on” in my food. I guess they were fresh buns? https://t.co/TmZ7ijOyYR,199267,JackBox,Wed Oct 04 16:11:47 +0000 2017,@162956 Can you DM me with details? Which location did you go to?,
199271,162957,Wed Oct 04 15:29:30 +0000 2017,hey big head 😋@JackBox #NationalTacoDay,199269,JackBox,Wed Oct 04 16:09:42 +0000 2017,@162957 how you celebrating?,199270
199274,162958,Tue Oct 03 02:50:29 +0000 2017,@JackBox NVM. I have answered my own question courtesy of Google. Thank you for your time.,199272,JackBox,Tue Oct 03 16:38:54 +0000 2017,@162958 YESS!,199273
199277,162959,Wed Oct 04 15:45:57 +0000 2017,2 for a $1🌮🌮 @JackBox https://t.co/j7HSjHTBen,199276,JackBox,Wed Oct 04 16:09:19 +0000 2017,@162959 #winning,
199279,141331,Sat Sep 30 02:45:12 +0000 2017,"@JackBox cold tacos, a piece of chicken in a burger and a burnt fry in potato wedges....what’s going on? Goid thing I’m not an inspector.",199278,JackBox,Tue Oct 03 17:11:08 +0000 2017,@141331 . Can you DM me with details? Which location did you go to?,
199281,162960,Tue Oct 03 01:44:11 +0000 2017,@JackBox trying the pumpkin spice milkshake!!! https://t.co/hGrhzU5NAm,199280,JackBox,Tue Oct 03 16:39:47 +0000 2017,@162960 How was it?,
199283,162961,Sat Sep 30 04:11:23 +0000 2017,@JackBox Jumpin’ Jack Spash is the elixir of life. Thank you for that.,199282,JackBox,Mon Oct 02 17:38:32 +0000 2017,@162961 #winning,
199285,162962,Fri Sep 29 22:58:06 +0000 2017,@JackBox Loving my new antenna top for “Blue”. https://t.co/fMaqvIoraj,199284,JackBox,Mon Oct 02 17:36:25 +0000 2017,@162962 🙌,
199287,162963,Sun Oct 01 07:23:06 +0000 2017,"@JackBox You make me wait 15 minutes for tacos, then you get my order wrong and make me wait another 15 minutes! Great system #badnuggets",199286,JackBox,Sun Oct 01 22:01:25 +0000 2017,"@162963 Uh oh, that’s not good to hear. Can you DM me with details? Which location did you go to?",
199289,162964,Sun Oct 01 08:28:39 +0000 2017,Waited in line for 50mins at Jack in the Box and realized when I got home I didn’t get my curly fries or chicken nuggets🙃🙃 @JackBox,199288,JackBox,Sun Oct 01 22:01:11 +0000 2017,"@162964 Uh oh, that’s not good to hear. Can you DM me with details? Which location did you go to?",
199291,162965,Sun Oct 01 12:30:44 +0000 2017,"@10357 3 weeks in  a row your system has been down, @JackBox is taking over late night in vegas, all I want is chili cheese fries",199290,JackBox,Sun Oct 01 21:59:54 +0000 2017,"@162965 @10357 Uh oh, that’s not good to hear. Can you DM me with details? Which location did you go to?",
199293,162966,Sun Oct 01 17:01:31 +0000 2017,"@JackBox Already at Work and found eggshells in my breakfast, I didn’t get a receipt! Googled location to call and no answer multi times. https://t.co/yXo0CiWzPP",199292,JackBox,Sun Oct 01 21:59:21 +0000 2017,"@162966 Uh oh, that’s not good to hear. Can you DM me with details? Which location did you go to?",
199295,162967,Sun Oct 01 18:03:07 +0000 2017,When you order from @JackBox and they decide you don't need a bottom bun 💀😭😭😭 #jackinthebox https://t.co/SzricoTyt5,199294,JackBox,Sun Oct 01 21:58:18 +0000 2017,"@162967 Uh oh, that’s not good to hear. Can you DM me with details? Which location did you go to?",
199297,162968,Thu Sep 28 19:51:30 +0000 2017,@JackBox best fast food restaurant ever.,199296,JackBox,Thu Sep 28 20:55:28 +0000 2017,@162968 best follower ever.,
199299,162969,Thu Sep 28 17:48:26 +0000 2017,@JackBox loved it https://t.co/3Y7kRRtxOU,199298,JackBox,Thu Sep 28 20:54:20 +0000 2017,@162969 #delicious,
199448,163019,Thu Sep 28 10:49:24 +0000 2017,Ya boy had a little late night craving... Luckily @JackBox had me covered... #LateNightMunchies #MunchieMeal #Noms #Yum https://t.co/nUUEPJJjuZ,199447,JackBox,Thu Sep 28 16:11:51 +0000 2017,@163019 🙌,
199450,163020,Mon Sep 25 23:45:12 +0000 2017,@JackBox @163021 BBQ communication with a minor in brisket history,199449,JackBox,Tue Sep 26 00:09:41 +0000 2017,@163020 @163021 My mouth is watering,
199453,267594,Mon Sep 25 23:09:41 +0000 2017,@JackBox The communications of media and 99 cent tacos,621881,JackBox,Mon Sep 25 23:14:39 +0000 2017,@267594 Answer... gimme,
199454,163025,Mon Sep 25 23:09:14 +0000 2017,@JackBox TacoChemistry,199463,JackBox,Mon Sep 25 23:14:27 +0000 2017,@163025 Love at first bite?,
199455,163022,Mon Sep 25 23:13:34 +0000 2017,"@JackBox @163021 General Business, with a minor in interpersonal Taco studies.",199458,JackBox,Mon Sep 25 23:15:07 +0000 2017,@163022 @163021 😋,
199456,163586,Mon Sep 25 23:06:58 +0000 2017,@JackBox World Cheeseburgers,201511,JackBox,Mon Sep 25 23:14:11 +0000 2017,@163586 You're making me hungry,
199465,163026,Mon Sep 25 22:29:13 +0000 2017,"hello @AmericanAir.
i'm going to LA tomorrow.
would it be possible to land the plane at the nearest @JackBox?",199464,JackBox,Mon Sep 25 23:13:38 +0000 2017,"@163026 @AmericanAir Put this into your maps, when you get off. You can thank me later. 1127 W Manchester Blvd, Inglewood, CA 90301",
199467,163027,Fri Sep 22 11:58:57 +0000 2017,@JackBox ..and was about to add some sugar only to find what appeared to be a feather in my drink. https://t.co/xZNxhI9kLy,199466,JackBox,Fri Sep 22 15:59:17 +0000 2017,"@163027 Uh oh, that’s not good to hear. Can you DM me with details? Which location did you go to?",
199469,163028,Wed Sep 20 18:30:10 +0000 2017,@JackBox the Palestine location is the worst one I’ve ever been to. Been trying to reach a store/district manager for days. Horrible,199468,JackBox,Thu Sep 21 20:46:53 +0000 2017,@163028 Can you DM me with details? Which location did you go to?,
199471,163029,Wed Sep 20 18:23:02 +0000 2017,@JackBox thanks for taking care of my lunch today. Great service and great food! Love your curly fries!,199470,JackBox,Thu Sep 21 20:46:40 +0000 2017,@163029 Can you DM me with details? Which location did you go to? we want to provide them the positive Note!,
199473,163030,Wed Sep 20 20:40:54 +0000 2017,I think I have an obsession ... @JackBox egg rolls.  I've been ordering them 3 x day 😍,199472,JackBox,Thu Sep 21 20:46:15 +0000 2017,@163030 now that's an #addiction,
199475,163031,Tue Sep 19 23:27:16 +0000 2017,"@JackBox Went 2 ur location @ 2440 W THOMAS RD PHX, AZ to show my BOGO coupon &amp; they wouldn't except it, stated I needed to print it. Y?",199474,JackBox,Thu Sep 21 20:45:04 +0000 2017,"@163031 Uh oh, that’s not good to hear. Can you DM me with details? Which location did you go to?",
199477,163032,Wed Sep 20 14:08:39 +0000 2017,@JackBox My hair got caught in the screw of your chair 😡 this is just rude. https://t.co/yzobkC2hGl,199476,JackBox,Wed Sep 20 15:32:24 +0000 2017,@163032 Can you DM me with details? Which location did you go to?,
199479,163033,Tue Sep 19 18:53:05 +0000 2017,@163034 @JackBox has the best fast food burger(s) in my personal opinion.,199478,JackBox,Wed Sep 20 01:38:58 +0000 2017,@163033 @163034 I have to agree too,
199482,163035,Tue Sep 19 17:10:56 +0000 2017,@JackBox Only restaurant that burgers look identical to advertisement pic..Thanks ! https://t.co/mnnvpLgS87,199481,JackBox,Wed Sep 20 01:38:44 +0000 2017,@10891 🙌,
199484,163036,Tue Sep 19 02:23:34 +0000 2017,Thanks @JackBox for 😋 #NationalCheeseburgerDay #BOGO https://t.co/HX0NHlQa9f,199483,JackBox,Wed Sep 20 01:34:57 +0000 2017,@163036 #celebrate,
199486,163037,Tue Sep 19 03:39:23 +0000 2017,Time to hit up @116584  for that late night @JackBox,199485,JackBox,Wed Sep 20 01:37:01 +0000 2017,@163037 @116584 good call! What you getting?,
199488,163038,Tue Sep 19 03:00:49 +0000 2017,@JackBox You guys got delicious crispy curly fries 🍟🍟👍🏻👍🏻👅👅,199487,JackBox,Wed Sep 20 01:36:31 +0000 2017,"@10892 If there is one thing we can agree on, it's seasoned curly fries",
199491,163039,Tue Sep 19 02:59:51 +0000 2017,Happy National Cheeseburger Day! I wanted a giant! Double Ultimate from @JackBox https://t.co/NTZ5NDr02s,199490,JackBox,Wed Sep 20 01:35:24 +0000 2017,@163039 Best way to celebrate,
199493,163040,Tue Sep 19 00:21:49 +0000 2017,"@163041 @JackBox in my opinion, have the best double cheeseburgers in history of double cheeseburgers. 😘😘🍔🍔🍔",199492,JackBox,Wed Sep 20 01:34:38 +0000 2017,@163040 @163041 Stop flattering me 😊,
199496,163042,Wed Sep 20 00:26:41 +0000 2017,Making some bad decisions at @JackBox 🍔🍟😋,199495,JackBox,Wed Sep 20 01:33:55 +0000 2017,@163042 Not possible,
199498,163043,Sat Sep 16 16:27:22 +0000 2017,@JackBox all that tortilla and no meat https://t.co/zZtSjSsgFd,199497,JackBox,Sun Sep 17 22:29:29 +0000 2017,"@163043 Uh oh, that’s not good to hear. Can you DM me with details? Which location did you go to?",
199500,163044,Sat Sep 16 04:47:25 +0000 2017,Been waiting in line for over 40 minutes here at @JackBox. So uncalled for. Terrible customer service. There is no need to wait this long.,199499,JackBox,Sun Sep 17 22:28:12 +0000 2017,"@163044 Uh oh, that’s not good to hear. Can you DM me with details? Which location did you go to?",
199502,163045,Sat Sep 16 22:29:00 +0000 2017,@JackBox 30 min for some fries?  What were you thinking sending evr1 home? You won't need to save money when you don't have any customers.,199501,JackBox,Sun Sep 17 22:25:56 +0000 2017,"@163045 Uh oh, that’s not good to hear. Can you DM me with details? Which location did you go to?",
199504,163046,Sun Sep 17 00:24:54 +0000 2017,@JackBox  how careless can a manager be to give me my egg rolls like this and I called to complain and she say oh there suppose to be crispy https://t.co/gCqo21Nrhi,199503,JackBox,Sun Sep 17 22:24:06 +0000 2017,"@163046 Uh oh, that’s not good to hear. Can you DM me with details? Which location did you go to?",
199506,163047,Sun Sep 17 06:21:51 +0000 2017,Why did I order a chicken tater melt but @JackBox gave me a cheeseburger 😭 at least @163048 got it for me 😛😂,199505,JackBox,Sun Sep 17 22:10:06 +0000 2017,"@163047 @163048 Uh oh, that’s not good to hear. Can you DM me with details? Which location did you go to?",
199508,163049,Sun Sep 17 06:51:07 +0000 2017,Stellar seasoning job guys.   Are you serious? @JackBox https://t.co/g9FCr2MwOG,199507,JackBox,Sun Sep 17 22:09:45 +0000 2017,"@163049 Uh oh, that’s not good to hear. Can you DM me with details? Which location did you go to?",
199510,163050,Sun Sep 17 10:33:01 +0000 2017,@JackBox how you gonna let me bite into a taco w/ tin foil in it tho😑 https://t.co/QvabV7eGVy,199509,JackBox,Sun Sep 17 21:12:13 +0000 2017,"@163050 Uh oh, that’s not good to hear. Can you DM me with details? Which location did you go to?",
199512,163051,Sun Sep 17 18:56:42 +0000 2017,@JackBox Ps y'all got my order wrong. How tf you mix up an order of tacos w a jumbo jack??!,199511,JackBox,Sun Sep 17 21:00:47 +0000 2017,"@163051 Uh oh, that’s not good to hear. Can you DM me with details? Which location did you go to?",
199515,163052,Sun Sep 17 20:11:56 +0000 2017,"If you're looking for a truly awful dining experience, might I suggest the @JackBox in Kansas City, KS. This was a very difficult order https://t.co/O429Zx4Zuh",199514,JackBox,Sun Sep 17 20:57:59 +0000 2017,"@163052 Uh oh, that’s not good to hear. Can you DM me with details? Which location did you go to?",
199519,163054,Sun Sep 17 20:19:29 +0000 2017,@JackBox This is the second time this stores location forgot to add tacos to my order...so unfair :( https://t.co/NHXFnT9udR,199518,JackBox,Sun Sep 17 20:56:11 +0000 2017,"@163054 Uh oh, that’s not good to hear. Can you DM me with details? Which location did you go to?",
199521,163055,Fri Sep 15 22:37:37 +0000 2017,@JackBox Just had your #SmokeyJackBurger. Amazing flavor &amp; the 1st burger I've ever seen that looked exactly like the advertising. #WinWin,199520,JackBox,Fri Sep 15 23:18:17 +0000 2017,@163055 Best tweet all day! Glad you liked it.,
199523,163056,Thu Sep 14 20:45:08 +0000 2017,Hey @JackBox - I don't remember ordering this with my salad! 🤢#tryingnottopuke https://t.co/PtpU3JovAj,199522,JackBox,Fri Sep 15 17:53:32 +0000 2017,@163056 Can you DM me with details? Which location did you go to?,
199525,163057,Wed Sep 13 21:51:17 +0000 2017,@JackBox Mocha Iced Coffee is legit crack. I just want to swim in it with my mouth open.,199524,JackBox,Thu Sep 14 16:28:25 +0000 2017,@163057 Totally framing this tweet.,
199527,163058,Tue Sep 12 04:29:59 +0000 2017,@JackBox I found a hair on my taco 🌮 ?smh 😡 https://t.co/AIztkuVYFj,199526,JackBox,Tue Sep 12 20:07:33 +0000 2017,@163058 Can you DM me with details? Which location did you go to?,
199529,163059,Tue Sep 12 01:16:24 +0000 2017,Went to @JackBox for the first time in years the other day and probably won't be going back for another few. Why you tryin to poison me https://t.co/pbv6LhqJTy,199528,JackBox,Tue Sep 12 20:07:02 +0000 2017,@163059 Can you DM me with details? Which location did you go to?,
199531,163060,Tue Sep 12 08:05:39 +0000 2017,Still waiting for @JackBox to come busting thru my wall and give me a burger...,199530,JackBox,Tue Sep 12 17:39:59 +0000 2017,@163060 Let me see what I can do,
199553,163062,Tue Sep 12 15:29:18 +0000 2017,Is this image not pure bliss to your eyes &amp; more so tummy?? It's #nationalchocolatemilkshakeday &amp; we couldn't wait to get to @JackBox!! https://t.co/u6X0i5b52g,199552,JackBox,Tue Sep 12 15:35:56 +0000 2017,@163062 Best way to celebrate!,
199555,163063,Sat Sep 09 07:45:54 +0000 2017,@JackBox I love you ❤️,199554,JackBox,Mon Sep 11 16:07:39 +0000 2017,@163063 You're making me blush,
199557,163064,Sat Sep 09 13:34:37 +0000 2017,"#ThankYou @JackBox for being open @ 7:00am in St. George, UT!!! Unlike @159344 or @121385! #ShameOnThem Now buttery goodness burger for me!!",199556,JackBox,Mon Sep 11 16:07:25 +0000 2017,@163064 👊,
199559,163065,Sat Sep 09 22:50:53 +0000 2017,"@JackBox has the best ranch, don't fight me on this.",199558,JackBox,Mon Sep 11 16:03:59 +0000 2017,"@163065 Welcome to the champagne of condiments, my friend.",
199561,163066,Mon Sep 11 01:20:08 +0000 2017,"@163067 @161794 @115754 If we're making demands, how about @JackBox sell the munchie meal before  9pm?! HOW BOUT IT,JACK?",199560,JackBox,Mon Sep 11 16:01:26 +0000 2017,@163066 @163067 @161794 @115754 They are served all day.,
199565,163068,Mon Sep 11 02:29:34 +0000 2017,"Like if you know what this is. 
RT if you DON'T know what this is.

@JackBox https://t.co/kkot1jygrF",199564,JackBox,Mon Sep 11 16:00:57 +0000 2017,@163068 SHHHH!!!,
199567,163069,Mon Sep 11 13:50:36 +0000 2017,"@JackBox Good morning, Jack! How was your weekend?",199566,JackBox,Mon Sep 11 15:58:13 +0000 2017,@163069 Great! How about yours?,
199578,163072,Mon Sep 11 00:44:27 +0000 2017,The mini churros from @JackBox are life! God they are amazing!! #foodislife,199577,JackBox,Mon Sep 11 01:07:30 +0000 2017,@163072 CHURROMMMMGGGOOODNESSS!,
199580,163073,Sat Sep 09 22:01:25 +0000 2017,@JackBox Close up...  it's certainly a bug.. means lettuce isn't being cleaned properly.  Will not be back to my local Jack in the box https://t.co/bFl3GycAlK,199579,JackBox,Sun Sep 10 16:15:58 +0000 2017,"@163073 Uh oh, that’s not good to hear. Can you DM me with details? Which location did you go to?",
199583,163074,Sat Sep 09 22:36:14 +0000 2017,@JackBox But...cmon man.,199582,JackBox,Sun Sep 10 16:15:17 +0000 2017,"@163074 Uh oh, that’s not good to hear. Can you DM me with details? Which location did you go to?",
199589,163075,Sun Sep 10 03:04:17 +0000 2017,Lol seriously @JackBox refused service because we asked for the order that you guys messed up to be fixed?,199588,JackBox,Sun Sep 10 16:06:48 +0000 2017,"@163075 Uh oh, that’s not good to hear. Can you DM me with details? Which location did you go to?",
199591,163076,Sun Sep 10 04:39:25 +0000 2017,"@JackBox Charged full price for both of these, too. Unbelievable staff and customer service",199590,JackBox,Sun Sep 10 16:04:14 +0000 2017,"@163076 Uh oh, that’s not good to hear. Can you DM me with details? Which location did you go to?",
199594,163077,Sun Sep 10 15:58:53 +0000 2017,@JackBox why is it that when I go to Jack there are no tacos??????,199593,JackBox,Sun Sep 10 16:03:06 +0000 2017,"@163077 Uh oh, that’s not good to hear. Can you DM me with details? Which location did you go to?",
199596,163078,Sun Sep 10 08:40:17 +0000 2017,"@JackBox you guys seriously suck. I shouldn't have to sit in a drive thru for 30 minutes with ""no wait""",199595,JackBox,Sun Sep 10 15:59:05 +0000 2017,"@163078 Uh oh, that’s not good to hear. Can you DM me with details? Which location did you go to?",
199598,163079,Mon Aug 14 21:23:14 +0000 2017,Guys. I'm so obsessed with the new Smoky Jack Chicken! Go get one too! @JackBox #Ad #CraveVan #iHeartJackInTheBox https://t.co/I22A0RNug0,199597,JackBox,Fri Sep 08 18:39:20 +0000 2017,@163079 Great pic! Can we feature it on our site. Respond #cravevan if you're 18+. More info visit https://t.co/YehurXkW9u,
199600,163080,Sat Aug 19 22:38:48 +0000 2017,"My new favorite thing...  #Jackinthebox
#birthdaycakeshake https://t.co/tKtCQjsrQw",199599,JackBox,Fri Sep 08 18:36:23 +0000 2017,@163080 Great pic! Can we feature it on our site. Respond #cravevan if you're 18+. More info visit https://t.co/YehurXkW9u,
199602,163081,Thu Aug 31 00:15:49 +0000 2017,Easy drive to North Carolina today... My first stop.. #jackinthebox https://t.co/42h6Y1pFvY,199601,JackBox,Fri Sep 08 18:33:51 +0000 2017,@163081 Great pic! Can we feature it on our site. Respond #cravevan if you're 18+. More info visit https://t.co/YehurXkW9u,
199604,163082,Fri Sep 08 05:26:00 +0000 2017,@JackBox what the heck .... 😭 https://t.co/Bp0gCiTBk2,199603,JackBox,Fri Sep 08 16:25:59 +0000 2017,@163082 Can you DM me with details? Which location did you go to?,
199684,163069,Mon Oct 02 16:56:58 +0000 2017,"@JackBox Hey, Jack! I just saw the commercial with your new Ribeye Burger on YouTube today! 😊
https://t.co/RlonDT55ey",199683,JackBox,Mon Oct 02 17:36:17 +0000 2017,@163069 Have you tried it?,
200255,163225,Sat Sep 02 23:25:55 +0000 2017,Never too late to discover #Jackinthebox @7547 https://t.co/v3d7Uz0MjB,200254,JackBox,Thu Sep 07 23:07:12 +0000 2017,@163225 Great pic! Can we feature it on our site. Respond #cravevan if you're 18+. More info visit https://t.co/YehurXkW9u,
200257,163226,Thu Sep 07 21:48:42 +0000 2017,@JackBox THANK YOU JackBox !!!! Made my life❤️❤️❤️🤤🤤🤤 https://t.co/hneYLw1Kmj,200256,JackBox,Thu Sep 07 22:35:43 +0000 2017,"@163226 Let's be best friends, starting now",
200260,163064,Thu Sep 07 22:28:00 +0000 2017,Haven’t had @JackBox in years. Back in #California &amp; very impressed!  Great flavor! #ThankYou!!!,200259,JackBox,Thu Sep 07 22:34:31 +0000 2017,@163064 Welcome back! 🍔,
200262,163227,Thu Sep 07 07:15:34 +0000 2017,@JackBox Fingers crossed for not having it a fourth time. Hopefully it's all out bc I can't go through that again.,200261,JackBox,Thu Sep 07 15:46:20 +0000 2017,@163227 Can you DM me with details? Which location did you go to?,
201271,163523,Fri Sep 15 18:39:24 +0000 2017,"Piece jagged plastic found in my iced coffee, I think. Hope it's not something else. Thanks @JackBox https://t.co/v7VFw7SEXn",201270,JackBox,Fri Sep 15 21:11:35 +0000 2017,@163523 Can you DM me with details? Which location did you go to?,
2019102,597113,Tue Nov 07 08:46:55 +0000 2017,"how can people eat @JackBox tacos... I just got food poisoning from the Jack in the box in Tracy, CA",2019101,JackBox,Tue Nov 07 19:31:59 +0000 2017,@597113 Can you DM me with details? Which location did you go to?,
2019105,597114,Mon Nov 06 02:43:09 +0000 2017,So worth it #jackinthebox https://t.co/AaOuL2V76K,2019103,JackBox,Tue Nov 07 16:11:52 +0000 2017,@597114 Great pic! Can we feature it on our site. Respond #ribeyeburger if you're 18+. More info visit https://t.co/YehurXkW9u,2019104
2019108,597115,Tue Nov 07 00:46:54 +0000 2017,@jackbox can you please sell bottles of your buttermilk ranch!!!!!!! #alliwantforchristmas is #ranch,2019106,JackBox,Tue Nov 07 15:58:14 +0000 2017,@597115 🤔,2019107
2019110,597116,Sat Nov 04 20:02:35 +0000 2017,@JackBox Can you spell H E A L T H    D E P A R T M E N T?,2019109,JackBox,Tue Nov 07 15:36:33 +0000 2017,@597116 Can you DM me with details? Which location did you go to?,
2019113,597117,Sat Nov 04 05:05:30 +0000 2017,Raise your hand if you knew that @JackBox had egg rolls.,2019112,JackBox,Mon Nov 06 18:42:39 +0000 2017,@597117 ✋,
2019124,597122,Thu Nov 02 23:49:11 +0000 2017,@JackBox I Love Burgers Fries Tacos,2019123,JackBox,Fri Nov 03 17:21:23 +0000 2017,@597122 I have to agree with that one,
2019135,597124,Thu Nov 02 21:12:51 +0000 2017,@JackBox sorry Jack...I failed you last night. Not one sip made it passed my lips. #tragic https://t.co/tcUBl73dd9,2019134,JackBox,Fri Nov 03 17:20:46 +0000 2017,@597124 OH NO!,
2019148,597126,Thu Nov 02 06:18:02 +0000 2017,Extra tomatoes at @JackBox doesn't cost anything.,2019147,JackBox,Thu Nov 02 16:41:12 +0000 2017,@597126 Only select burgers have seasoned added. You can find which burgers it's added to on our website.,
2019150,354212,Thu Nov 02 02:44:52 +0000 2017,"@JackBox DON’T EVAHHHHH REPLACE JACK with some other mascot, symbol or rep. He gave u an  INDENTITY...please don’t fck with him!💖",2019149,JackBox,Thu Nov 02 16:36:10 +0000 2017,@354212 I'm not going anywhere!,
2019152,349005,Tue Oct 31 13:54:31 +0000 2017,"@JackBox I just went and tried to get my free Halloween milkshake and was turned down because your app doesn't work at all, what gives?",2019151,JackBox,Thu Nov 02 16:33:54 +0000 2017,@349005 Sorry for the inconvenience. This is only available in select locations. Please check back later on our mobile app.,
2019154,597127,Tue Oct 31 23:19:44 +0000 2017,Took me 31 years to finally have @JackBox . It was worth the wait. Simply fantastic. Now please come back to Chicago https://t.co/vuXWcEjgMd,2019153,JackBox,Wed Nov 01 18:19:50 +0000 2017,@597127 Always worth the wait,
2019157,163069,Wed Nov 01 16:48:22 +0000 2017,"@JackBox Hey, Jack! Check out this t-shirt I got the other day. 😉 https://t.co/g94KXbERbB",2019155,JackBox,Wed Nov 01 18:16:15 +0000 2017,@163069 This is awesome! #BFF,2019156
2019159,161472,Sun Oct 29 04:06:23 +0000 2017,Will drop everything else we are doing and address on Monday:) if folks can agree on the correct way to do this! https://t.co/dXRuZnX1Ag,2019158,JackBox,Tue Oct 31 01:02:05 +0000 2017,"@161472 .@161472 For those of us who don’t go halfway on our burgers, the cheese goes on the top AND bottom. #JumboJack #CheeseYesPlease https://t.co/AiY9FgH9ev",
2019167,597128,Sat Oct 28 07:18:21 +0000 2017,@JackBox Hey Jack I just got your message when you called me I thought you was a bill collector or something but I will be calling you tomorrow thnx,2019166,JackBox,Sat Oct 28 16:15:52 +0000 2017,@597128 Can you DM me with details?,
2019170,597129,Thu Oct 26 23:43:16 +0000 2017,I love @JackBox,2019169,JackBox,Fri Oct 27 00:03:24 +0000 2017,@597129 Back to work.,
2019210,597133,Wed Oct 25 23:05:58 +0000 2017,@JackBox at your location off Sandy Lake in Grapevine you have an employee named Lemarcus. He's phenomenal.,2019209,JackBox,Thu Oct 26 19:50:04 +0000 2017,@597133 ...your feedback! 2/2,
2019210,597133,Wed Oct 25 23:05:58 +0000 2017,@JackBox at your location off Sandy Lake in Grapevine you have an employee named Lemarcus. He's phenomenal.,2019211,JackBox,Thu Oct 26 19:50:04 +0000 2017,"@597133 Thank you for your Positive Feedback! We will be sending the report over to the appropriate management, and letting them know about... 1/2",2033684
2033686,601327,Thu Oct 26 03:18:15 +0000 2017,@601328 @194046 @274115 @52891 @JackBox,2033685,JackBox,Thu Oct 26 19:36:15 +0000 2017,@601327 @601328 @194046 @274115 @52891 .@601327 🙌,
2033694,197868,Thu Oct 26 07:10:28 +0000 2017,W. #WeGotTacos presented by @JackBox https://t.co/DTWBwkkplK,2033692,JackBox,Thu Oct 26 18:25:40 +0000 2017,@197868 🌮🌮🌮🌮🌮🌮,2033693
2033705,317075,Tue Oct 24 20:15:53 +0000 2017,@JackBox you know what sucks? coupons for yummy looking breakfast sammiches &amp; ribeye burger that are all BOGO. There's only 1 of me.,2033704,JackBox,Wed Oct 25 19:57:44 +0000 2017,@317075 Save it for later,
2033708,601331,Tue Oct 24 20:57:28 +0000 2017,Ayy shout-out to @JackBox it's better than wataburger and all the rest!,2033706,JackBox,Wed Oct 25 19:57:15 +0000 2017,@601331 &gt;&gt;&gt;&gt;,2033707
2033710,601332,Wed Oct 25 15:51:20 +0000 2017,@JackBox’s tacos for the dub,2033709,JackBox,Wed Oct 25 19:55:36 +0000 2017,"@601332 A day without tacos, is like a... oh wait, I don't know what a day without tacos is like",
2033723,601337,Wed Oct 25 18:07:07 +0000 2017,@JackBox &gt; @118625,2033721,JackBox,Wed Oct 25 19:32:47 +0000 2017,@601337 🙌,2033722
2033727,601338,Wed Oct 25 18:10:36 +0000 2017,The ribeye burger at .@JackBox is freakin delicious https://t.co/nrKmNkLMJD,2033724,JackBox,Wed Oct 25 19:32:14 +0000 2017,"@601338 Let's be best friends, starting now","2033725,2033726"
2033729,601339,Wed Oct 25 18:56:20 +0000 2017,When I was in High School @JackBox had 2 tacos for 99 cents. 20 years later they still have the same deal. Either tacos are inflation proof or I’ve been getting hi balled for 20 years. #JackInTheBox,2033728,JackBox,Wed Oct 25 19:17:56 +0000 2017,@601339 #winning,
2033731,601340,Tue Oct 24 04:44:31 +0000 2017,"@JackBox Dude, your American ribeye burger is amazing.",2033730,JackBox,Tue Oct 24 18:11:20 +0000 2017,"@601340 Oh, thank you! I'm blushing",
2033733,601341,Tue Oct 24 17:32:33 +0000 2017,This @jackbox Jack's Breakfast Pocket is so delicious 😋 You choose Ham &amp; Egg or Sausage &amp; Egg or… https://t.co/hd6ywzWa5b,2033732,JackBox,Tue Oct 24 18:09:47 +0000 2017,@601341 😋,
2033735,601342,Tue Oct 24 16:26:19 +0000 2017,"@JackBox Franklin, Tennessee off Cool Springs Boulevard / Mallory Lane.",2033734,JackBox,Tue Oct 24 16:34:49 +0000 2017,@601342 Can you DM ME? We would like to further assist  you,
2033737,601342,Mon Oct 23 00:39:22 +0000 2017,"@JackBox No receipt given to me, hair at the botttom of my Bacon Cheddar Potato Wedges. From Franklin, TN location. https://t.co/i8U1gUAF3T",2033736,JackBox,Tue Oct 24 16:25:41 +0000 2017,@601342 Which location did you go to?,2033735
2033739,601343,Mon Oct 23 07:20:22 +0000 2017,@JackBox hey ur food made me puke last night can i get a refund lmfao,2033738,JackBox,Tue Oct 24 16:28:14 +0000 2017,@601343 Can you DM me with details? Which location did you go to?,
2033741,328044,Mon Oct 23 22:34:43 +0000 2017,@JackBox Go to class. Learn to cook and do laundry. Go to class. Take easy classes frosh year to save your gpa. Go to class. Drink water. Go to class,2033740,JackBox,Mon Oct 23 22:43:52 +0000 2017,@328044 DON'T FORGET TO DRINK WATER!!,
2033749,601344,Mon Oct 23 22:15:41 +0000 2017,@JackBox Luckily I have a Jack in the Box across my college campus,2033748,JackBox,Mon Oct 23 22:43:09 +0000 2017,@601344 Is that why you went there? 🤔,
2033756,601345,Mon Oct 23 18:44:52 +0000 2017,@JackBox why are your drinks so huge?,2033755,JackBox,Mon Oct 23 21:15:50 +0000 2017,@601345 You looked thirsty,
2033758,601346,Mon Oct 23 10:06:03 +0000 2017,"Went to @JackBox and had French Toast, Monster Tacos and a Ribeye Burger

You might say that's too much. I think that's living the dream!",2033757,JackBox,Mon Oct 23 21:12:26 +0000 2017,@601346 Definitely living the dream,
2033760,601347,Mon Oct 23 09:52:28 +0000 2017,@JackBox has the best fast food ranch,2033759,JackBox,Mon Oct 23 21:12:09 +0000 2017,@601347 #winning,
2033762,601348,Sat Oct 21 20:44:32 +0000 2017,@JackBox i'm already on your email list or I wouldn't have received it!,2033761,JackBox,Mon Oct 23 20:58:51 +0000 2017,"@601348 Sorry about that, if you fill it out, it will just unlock the coupon since you are already in the system",
2033774,597128,Thu Oct 19 19:08:57 +0000 2017,@JackBox I just went to one of y'all restaurants in Cincinnati will be calling y'all tomorrow since y'all close very bad customer service😤😠😡,2033772,JackBox,Fri Oct 20 14:19:47 +0000 2017,@597128 Can you DM me with details? Which location did you go to?,2033773
2033777,601350,Thu Oct 19 22:00:20 +0000 2017,@JackBox How about a retweet? You can do that too,2033776,JackBox,Thu Oct 19 22:01:12 +0000 2017,@601350 👊,
2033779,601350,Thu Oct 19 21:26:25 +0000 2017,i love the fact that @JackBox serves breakfast all day🙌🏻,2033778,JackBox,Thu Oct 19 21:58:57 +0000 2017,@601350 What about a burger for breakfast? You can do that too,2033777
2033781,601351,Mon Oct 02 23:16:28 +0000 2017,You gotta be kidding #jackinthebox my cheese was a piece of paper. https://t.co/pJdzn69M0l,2033780,JackBox,Tue Oct 17 17:09:06 +0000 2017,@601351 Great pic! Can we feature it on our site. Respond #cravevan if you're 18+. More info visit https://t.co/YehurXkW9u,
2033783,601352,Sat Oct 14 22:48:30 +0000 2017,Watching the ALCS on my mom's log in and seeing a ton of @JackBox ads...I'd never turn down a chicken strip combo with curlies and 2 tacos,2033782,JackBox,Mon Oct 16 17:52:24 +0000 2017,@601352 😋,
2033785,601353,Wed Oct 11 23:22:17 +0000 2017,@JackBox really a molded egg in my Breakfast sandwich disgusting I could of got food poisoning https://t.co/XSTmoqKE02,2033784,JackBox,Thu Oct 12 15:04:16 +0000 2017,@601353 Can you DM me with details? Which location did you go to?,
2033787,601354,Tue Oct 10 04:10:12 +0000 2017,@JackBox idk what this was on the bottom of my sandwich but it was very off-putting....it looks like mold https://t.co/kmz9AYI7Tf,2033786,JackBox,Tue Oct 10 16:21:33 +0000 2017,@601354 Can you DM me with details? Which location did you go to?,
2033789,601355,Tue Oct 10 00:56:57 +0000 2017,"Hey @JackBox @116584 don't put the ""available on DoorDash"" sign in the window if DoorDash isn't fucking available in the area 😤",2033788,JackBox,Tue Oct 10 16:21:16 +0000 2017,@601355 Can you DM me with details? Which location did you go to?,
2033791,601356,Tue Oct 10 01:43:14 +0000 2017,i love you @JackBox,2033790,JackBox,Tue Oct 10 12:33:35 +0000 2017,@601356 You're too sweet... but not as sweet at mini churros,
2033793,601357,Sun Oct 08 04:40:45 +0000 2017,The line at @JackBox is literally always crazy here in Hollister. Haven’t moved in like 10 min 😤,2033792,JackBox,Sun Oct 08 22:26:48 +0000 2017,@601357 Oh no! We’re so sorry to hear that.  Can you send us a private message with details about your experience. Which location did you go to?,
2033796,601358,Sun Oct 08 07:46:57 +0000 2017,Why have I been in the drive thru line at Jack in the Box and haven’t even ordered yet!? @JackBox,2033795,JackBox,Sun Oct 08 22:20:24 +0000 2017,@601358 Oh no! We’re so sorry to hear that.  Can you send us a private message with details about your experience. Which location did you go to?,
2033798,601359,Sun Oct 08 08:20:08 +0000 2017,"Rock hard bottom bun, Damn near brown lettuce ... some stale chicken ..: @JackBox .... DISGUSTED https://t.co/e0LzKi119E",2033797,JackBox,Sun Oct 08 22:20:01 +0000 2017,@601359 Oh no! We’re so sorry to hear that.  Can you send us a private message with details about your experience. Which location did you go to?,
2033800,601360,Sun Oct 08 08:10:30 +0000 2017,"So after turning around to get the rest of my order, I take a bite of my burger and realize a loogie is in my burger 😧 @JackBox",2033799,JackBox,Sun Oct 08 22:19:47 +0000 2017,@601360 Oh no! We’re so sorry to hear that.  Can you send us a private message with details about your experience. Which location did you go to?,
2033802,601361,Sun Oct 08 08:22:25 +0000 2017,@JackBox  please let’s fix this problem for @601362  loves your tacos but the jackintheboxs in Coachella valley always mess up/runout !,2033801,JackBox,Sun Oct 08 22:17:43 +0000 2017,@601361 @601362 Oh no! We’re so sorry to hear that.  Can you send us a private message with details about your experience. Which location did you go to?,
2033804,601363,Sun Oct 08 08:50:07 +0000 2017,@JackBox why did I get 4 nuggets in my 5 piece? I'm so sad 😢,2033803,JackBox,Sun Oct 08 22:17:13 +0000 2017,@601363 Oh no! We’re so sorry to hear that.  Can you send us a private message with details about your experience. Which location did you go to?,
2033806,601364,Sun Oct 08 11:11:06 +0000 2017,@JackBox What is this?? This is not a ‘Stacked Grilled Cheese Burger’ #disappointed 😞 https://t.co/Q8UuDepUcK,2033805,JackBox,Sun Oct 08 22:15:30 +0000 2017,@601364 Oh no! We’re so sorry to hear that.  Can you send us a private message with details about your experience. Which location did you go to?,
2033808,601365,Sun Oct 08 13:59:01 +0000 2017,@JackBox so I should have  gone to hospital before I could get a refund?????? WTH,2033807,JackBox,Sun Oct 08 22:14:46 +0000 2017,@601365 Oh no! We’re so sorry to hear that.  Can you send us a private message with details about your experience. Which location did you go to?,
2043910,604434,Sun Sep 10 18:26:54 +0000 2017,Went to @JackBox for breakfast at 1 pm. This is it. I'm pretty scared of finishing it. 🤢 https://t.co/y9Wfchph2v,2043909,JackBox,Tue Sep 12 20:05:30 +0000 2017,@604434 Oh no! We’re so sorry to hear that.  Can you send us a private message with details about your experience. Which location did you go to?,
2155129,633169,Wed Nov 08 12:41:43 +0000 2017,I ate a burger last night at #JackInTheBox and it made me very ill. Just wanted to report in case there were others experiencing this. 🤢@JackBox,2155128,JackBox,Wed Nov 08 19:03:11 +0000 2017,"@633169 Uh oh, that’s not good to hear. Can you DM me with details? Which location did you go to?",
2155131,426718,Wed Nov 08 16:31:51 +0000 2017,"This is my third time at @JackBox in less than 24 hours. This is becoming a problem. Like I said, their tacos are like crack.",2155130,JackBox,Wed Nov 08 16:36:17 +0000 2017,@426718 That's not a problem... not coming 3 times in 24 hrs is,
2155133,633170,Wed Nov 08 15:55:47 +0000 2017,"Welcome to esports, @JackBox. https://t.co/YpfLJapBsT",2155132,JackBox,Wed Nov 08 16:35:06 +0000 2017,"@633170 @633171 @633172 @633173 @125965 Oh, thank you! 🎮",
2155135,633174,Wed Nov 08 15:22:02 +0000 2017,Seeing @JackBox advertisements only makes me more excited for coming home!,2155134,JackBox,Wed Nov 08 16:32:29 +0000 2017,@633174 👏,
2206669,645188,Thu Nov 09 01:25:19 +0000 2017,Can I just say the Cinnamon Churros @JackBox are like the best 😭😍,2206668,JackBox,Thu Nov 09 23:23:35 +0000 2017,"@645188 I mean, when has deep fried dough ever gone wrong?",
2206672,645189,Wed Nov 08 20:07:40 +0000 2017,@633171 @505610 @JackBox @633173 this is the greatest partnership ive seen in a while,2206670,JackBox,Thu Nov 09 22:57:40 +0000 2017,@645189 @633171 @505610 @633173 I couldn't agree more 👊,2206671
2206694,773026,Wed Nov 08 18:19:27 +0000 2017,"@633171 @JackBox @633173 Great, now I want some tacos! https://t.co/h2SBYPKp0S",2763350,JackBox,Thu Nov 09 22:46:01 +0000 2017,@773026 @633171 @633173 I couldn't agree more,
2206695,645193,Wed Nov 08 18:47:18 +0000 2017,@633171 @JackBox @633173 Time to stop at Jack today to show my support!,2206718,JackBox,Thu Nov 09 22:47:41 +0000 2017,@645193 What was the celebration meal?,2206717
2206704,645190,Wed Nov 08 19:04:05 +0000 2017,Oh the @JackBox Headquarters in San Diego. I def got time today 😂,2206702,JackBox,Thu Nov 09 22:57:38 +0000 2017,@645190 Can you DM me with details? Which location did you go to?,2206703
2206707,645191,Thu Nov 09 22:50:52 +0000 2017,"@JackBox But if I go 8, then I have room for an oreo shake",2206705,JackBox,Thu Nov 09 22:57:00 +0000 2017,@645191 Who says you can't do both? 10 tacos and an Oreo shake. I believe in you 🌮,2206706
2206709,645191,Wed Nov 08 19:18:42 +0000 2017,@645192 @JackBox i might get 8 tacos to celebrate,2206708,JackBox,Thu Nov 09 22:48:40 +0000 2017,@645191 How about ten?,2206707
2206710,645192,Wed Nov 08 18:11:17 +0000 2017,I'm so excited to have @JackBox as a new partner for our teams. I crushed a #8 Siracha Burger last night with a big smile.,2206714,JackBox,Thu Nov 09 22:45:21 +0000 2017,@645192 .@645192  you and me both 🎮🍔,
2206715,645195,Wed Nov 08 19:21:50 +0000 2017,@645192 @JackBox Welp I guess Jack in the Box is my new fav fast food spot. Bye bye Taco Bell.,2206721,JackBox,Thu Nov 09 22:48:53 +0000 2017,@645195 👊,
2206717,645193,Thu Nov 09 22:50:58 +0000 2017,@JackBox Chicken Teriyaki bowl and 2 tacos! They FUELED my night of Overwatch. 😏,2206716,JackBox,Thu Nov 09 22:54:47 +0000 2017,@645193 #winning,
2206720,645194,Wed Nov 08 20:08:14 +0000 2017,I want @JackBox chicken tenders so bad right now,2206719,JackBox,Thu Nov 09 22:50:42 +0000 2017,@645194 #worthit,
2238241,652667,Fri Nov 10 01:40:21 +0000 2017,I haven't had a decent breakfast this morning. Thank goodness for @jackbox.,2238239,JackBox,Fri Nov 10 18:31:57 +0000 2017,@652667 What'd you get?,2238240
2238243,652668,Fri Nov 10 02:51:15 +0000 2017,@10357 or @118625 or @JackBox will one of you deliever food to my house? Please!!,2238242,JackBox,Fri Nov 10 18:29:13 +0000 2017,@652668 @10357 @118625 https://t.co/Qo3jULfN9d,
2238245,652669,Fri Nov 10 04:10:07 +0000 2017,"@JackBox the only food place came through for me tonight, #clutch",2238244,JackBox,Fri Nov 10 18:28:07 +0000 2017,@652669 I got your back 👊,
2262387,658658,Wed Nov 08 18:45:28 +0000 2017,@137662 @658659 @633171 @JackBox @633173 massive if real,2262386,JackBox,Sat Nov 11 01:19:58 +0000 2017,@658658 @137662 @658659 @633171 @633173 Colossal if accurate. #ItsTrueTho,
2285956,664264,Thu Nov 09 05:37:21 +0000 2017,Still wondering how the @JackBox employee made my entire ribeye burger without noticing the random separation paper stuck to my cheese?? https://t.co/0XGHLFbYct,2285955,JackBox,Sat Nov 11 16:52:56 +0000 2017,@664264 Can you DM me with details? Which location did you go to?,
2285958,664265,Thu Nov 09 01:18:49 +0000 2017,@JackBox just got served a chicken sandwich with brown lettuce. Gross. https://t.co/VJdaQJSYji,2285957,JackBox,Sat Nov 11 16:52:29 +0000 2017,@664265 Can you DM me with details? Which location did you go to?,
2373119,684628,Mon Nov 13 19:56:48 +0000 2017,@JackBox I haven’t had fast food in about 3-4 months &amp; two tacos with extra lettuce &amp; sauce with 2 regular hamburgers with secret sauce and a side of curly fries just fulfilled my cravings,2373118,JackBox,Mon Nov 13 21:53:03 +0000 2017,@684628 👊,
2373121,645191,Mon Nov 13 20:23:02 +0000 2017,Thanks again @JackBox for sponsoring lunch today https://t.co/aIsN9mLmG8,2373120,JackBox,Mon Nov 13 21:52:38 +0000 2017,@645191 #bestdayever,
2373123,684629,Sat Nov 11 19:23:27 +0000 2017,Lunch date with my girls!  Their first time to @jackbox !  They love it! @ Jack in the Box https://t.co/SFnpdM5eXc,2373122,JackBox,Mon Nov 13 18:41:12 +0000 2017,@684629 🙌,
2373126,684630,Sun Nov 12 21:25:55 +0000 2017,"*goes grocery shopping for healthy food* 

*stops at @JackBox on way home*

🤦🏻‍♀️",2373124,JackBox,Mon Nov 13 18:27:59 +0000 2017,@684630 #winning,2373125
2373129,684631,Mon Nov 13 01:36:28 +0000 2017,@JackBox what time munchie box start?,2373127,JackBox,Mon Nov 13 18:22:40 +0000 2017,@684631 Available all day,2373128
2373132,684632,Mon Nov 13 06:17:48 +0000 2017,I want some jalapeño popers from @JackBox,2373130,JackBox,Mon Nov 13 18:20:47 +0000 2017,@684632 Me too!,2373131
2373135,684633,Mon Nov 13 16:43:18 +0000 2017,@JackBox I just attempted to make your delicious breakfast jack it tasted good but I didn't make it like yours WHAT IS THE SECRET???,2373133,JackBox,Mon Nov 13 18:18:13 +0000 2017,@684633 I can't tell you that 😏,2373134
2455985,703533,Tue Nov 14 17:24:45 +0000 2017,@JackBox good morning. I see there are three digit numbers next to the Jack in the Box logos. Do they mean anything in particular? https://t.co/B7nNpWDIYB,2455983,JackBox,Tue Nov 14 18:29:34 +0000 2017,"@703533 Yes, this is the code for staff to use to redeem",2455984
2455988,703534,Sat Nov 11 19:33:09 +0000 2017,@JackBox see if you can get anyone to answer the phone at #8302 425-485-7364. Employee intentionally contaminated my food on special order. https://t.co/jifx7ZsgAZ,2455986,JackBox,Tue Nov 14 15:32:35 +0000 2017,@703534 Can you DM me with details?,2455987
2540969,722520,Wed Nov 15 20:25:32 +0000 2017,@JackBox is about that Swoosh Life @134236 https://t.co/zNe4da5fan,2540968,JackBox,Wed Nov 15 23:26:32 +0000 2017,@722520 @134236 🙌,
2540971,527684,Wed Nov 15 18:54:49 +0000 2017,@JackBox Except I don't know where @JackBox lives!?! I'd only do it if I knew you were gonna be home. Otherwise it's a waste of good food.,2540970,JackBox,Wed Nov 15 19:13:56 +0000 2017,@527684 San Diego,
2602143,417429,Thu Nov 16 19:32:35 +0000 2017,"@JackBox I’m gonna need to see a picture of this new Ribeye Burger with 100% ribeye beef, grilled onions, a red wine glaze, and creamy havarti cheese.",2602142,JackBox,Thu Nov 16 20:49:39 +0000 2017,@417429 https://t.co/pTHkW8J3PJ,
2602154,736471,Thu Nov 16 18:32:03 +0000 2017,for #NationalFastFoodDay i recommend @JackBox #tacos from jack in the box,2602153,JackBox,Thu Nov 16 18:36:13 +0000 2017,@736471 I have to agree,
2602156,736472,Thu Nov 16 18:25:12 +0000 2017,"@15304 @15305 @736473 @15306 @736474 @15307 Got Taste For A Burger Going To @JackBox Burger,Onion Rings And New York Cheese Cake Yum TG",2602155,JackBox,Thu Nov 16 18:35:45 +0000 2017,@736472 @15304 @15305 @736473 @15306 @736474 @15307 it will warm you right up,
2602158,736475,Thu Nov 16 17:18:40 +0000 2017,"@736476 I still love burgers, but outside of gourmet burgers, it's all about the @JackBox #JumboJack with cheese. #Yum",2602157,JackBox,Thu Nov 16 18:35:03 +0000 2017,@736475 @736476 Can I frame this tweet?,
2602161,163062,Thu Nov 16 16:54:36 +0000 2017,"Could there be a prettier sight for a delicious lunch on #NationalFastFoodDay? @JackBox knows how to ""bring the heat"" a savory meal! #Rulerofthefastfoodworld https://t.co/0xVl5AURTq",2602160,JackBox,Thu Nov 16 18:34:29 +0000 2017,@163062 couldn't have said it any better myself,
2602163,163069,Thu Nov 16 15:19:36 +0000 2017,"@JackBox It does look like a seasoned curly fry, Jack!",2602162,JackBox,Thu Nov 16 16:07:36 +0000 2017,@163069 Does it make you hungry?,
2602167,736477,Thu Nov 16 13:23:49 +0000 2017,I love you @JackBox and @118625 #NationalFastFoodDay,2602166,JackBox,Thu Nov 16 16:07:26 +0000 2017,@736477 What are you celebrating with?,
2649384,747349,Sat Nov 18 07:36:12 +0000 2017,Hey big head,2649383,JackBox,Sun Nov 19 00:27:34 +0000 2017,@747349 .@747349 rude,
2649386,747350,Fri Nov 17 07:13:27 +0000 2017,"Yo @JackBox, why do I keep finding pieces of plastic in my chocolate shake? Is that a new ingredient?",2649385,JackBox,Sat Nov 18 15:32:51 +0000 2017,@747350 Can you DM me with details? Which location did you go to?,
2767867,695688,Mon Nov 20 17:52:06 +0000 2017,@JackBox is automatically better than @McDonalds specifically because they know how good orange Hi-C is,2767866,JackBox,Mon Nov 20 21:09:32 +0000 2017,@695688 👊,
2767869,773956,Mon Nov 20 05:52:54 +0000 2017,RIP to my favorite item on @JackBox The Hangry Hash was my true love😢💔,2767868,JackBox,Mon Nov 20 21:07:43 +0000 2017,@773956 What about me?,
2767871,773957,Sun Nov 19 21:28:47 +0000 2017,"Splitting an order of egg rolls with my kids at @JackBox. Yum.
#SiliconValley https://t.co/ErU4LerJmo",2767870,JackBox,Mon Nov 20 21:04:50 +0000 2017,@773957 Sharing your egg rolls? You're brave,
2767873,773958,Sun Nov 19 17:43:32 +0000 2017,Needed a garbage bag to help clean out my car so I bought some @JackBox for breakfast. #ChipBrewsterLogic #Sunday,2767872,JackBox,Mon Nov 20 21:02:52 +0000 2017,"@773958 Good excuse, I'm going to use it next time.",
2767876,773959,Sun Nov 19 06:31:31 +0000 2017,@McDonalds quit being a cheap ass with your sauces when I go to @JackBox they give a shit ton. I know y’all were being shiesty with the McDonald’s brothers but come on y’all got billions of $$$ now.,2767874,JackBox,Mon Nov 20 21:01:39 +0000 2017,@773959 Dat sauce life tho,2767875
2767878,773960,Sun Nov 19 04:00:01 +0000 2017,8 wins by @47147 equals 8 victory tacos from @JackBox. #GMG https://t.co/1iwYInvVVg,2767877,JackBox,Mon Nov 20 21:00:58 +0000 2017,@773960 @47147 #winning,
2767880,773961,Sat Nov 18 09:14:01 +0000 2017,"@JackBox BTW, @JackBox is one of the only corporate accounts I haven't blocked, because I'm always down to see an ad for 2 tacos and some curly fries.",2767879,JackBox,Mon Nov 20 20:55:39 +0000 2017,@773961 🏆,
2767883,773962,Sat Nov 18 08:34:50 +0000 2017,Can’t let me @JackBox get cold on the ride home. Had to improvise. https://t.co/0P5y4r6tLw,2767882,JackBox,Mon Nov 20 20:54:39 +0000 2017,@773962 Good call,
2767885,773963,Sat Nov 18 08:15:07 +0000 2017,Daaaamn @JackBox made my shake extra thiccc tonight,2767884,JackBox,Mon Nov 20 20:53:43 +0000 2017,@773963 👌,
2767887,501154,Sat Nov 18 02:40:36 +0000 2017,Willing to go on the record and officially lobby for “Happy Jacks-giving” @JackBox #tacosnotturkey https://t.co/d8WzkU8Ld0,2767886,JackBox,Mon Nov 20 20:52:19 +0000 2017,@501154 #tacosnotturkey,
2767889,773964,Mon Nov 20 03:53:19 +0000 2017,"@JackBox *Thanks, not kudos 😂",2767888,JackBox,Mon Nov 20 20:52:06 +0000 2017,@773964 Now that sounds like the best day ever. Can I come?,
2767892,773965,Fri Nov 17 22:30:13 +0000 2017,Yo @JackBox your pumpkin shake is off the hook.,2767891,JackBox,Mon Nov 20 20:51:20 +0000 2017,@773965 I couldn't agree more 🎃,
2767896,773966,Fri Nov 17 19:42:42 +0000 2017,"Heckuva marketing scheme, @JackBox. How'd you pull this off? #PotOfGold https://t.co/dCBbd0ojoJ",2767895,JackBox,Mon Nov 20 20:49:20 +0000 2017,@773966 I have my ways 😉,
2767898,438957,Fri Nov 17 19:01:50 +0000 2017,@JackBox churros tho !! Bomb https://t.co/4slCGMapC6,2767897,JackBox,Mon Nov 20 20:48:34 +0000 2017,"@438957 I mean, when has deep fried dough ever gone wrong?",
2767901,773967,Fri Nov 17 18:50:09 +0000 2017,Very thankful to have been able to eat @JackBox 3 times this year in 3 different states #sourdoughjack #2Tacos,2767899,JackBox,Mon Nov 20 20:47:48 +0000 2017,@773967 That might be a record,2767900
2767903,773968,Fri Nov 17 14:56:21 +0000 2017,"@JackBox Was enjoying my #UltimateSausage Breakfast this morning and went to open my ketchup pack and noticed it opens for #Leftys
Are you left handed Jack? https://t.co/P6BjmTflKs",2767902,JackBox,Mon Nov 20 20:46:45 +0000 2017,@773968 😏,
2799858,781127,Tue Nov 21 02:16:28 +0000 2017,@JackBox Is my breakfast suppossed to consist of pulling a 2 ft long hair from my mouth with a side of chewy hashbrown?,2799857,JackBox,Tue Nov 21 19:13:41 +0000 2017,@781127 Can you DM me with details? Which location did you go to?,
2799860,781128,Sun Nov 19 20:40:17 +0000 2017,"@JackBox great Sunday lunch today at your place, Jack! You're the best! Quick service, all accurate. Dining room very very clean. Your crew is spectacular there!    #4704 from receipt. I did the survey too. Grateful.",2799859,JackBox,Tue Nov 21 17:47:02 +0000 2017,"@781128 Thank you for your Positive Feedback! We will be sending the report over to the appropriate management, and letting them know about your feedback!",
2799862,781129,Sat Nov 18 23:10:28 +0000 2017,"@JackBox the manager at the Pomona CA location on Garey Ave and Holt refused to let my mom use the restroom, although she was a paying customer. He ""refused"" service. His name is Devon.",2799861,JackBox,Tue Nov 21 17:42:56 +0000 2017,@781129 Can you DM me with details? Which location did you go to?,
2799864,607254,Mon Nov 20 22:36:27 +0000 2017,s/o to whoever brought a platter of @JackBox tacos to friendsgiving lmao 🌮🌮🌮 https://t.co/ZOhZ692rwW,2799863,JackBox,Tue Nov 21 17:03:41 +0000 2017,@607254 .@607254 now that's what I call a #BFF,
2799866,781130,Tue Nov 21 04:58:05 +0000 2017,@JackBox You guys still have #HiCOrange ? I won't loose my Supply then:-) https://t.co/m3LeMDSO2h,2799865,JackBox,Tue Nov 21 17:00:28 +0000 2017,@781130 👍,
2799868,781131,Tue Nov 21 07:29:58 +0000 2017,@JackBox should I get tacos at 2 AM with class tomorrow morning? Hmm,2799867,JackBox,Tue Nov 21 16:58:54 +0000 2017,@781131 Is that a real question? YES,
2799871,781132,Tue Nov 21 09:33:23 +0000 2017,Just ordered a grande sausage burrito from @JackBox and boy this shit hotter than a muuuuuuuuuuuug,2799869,JackBox,Tue Nov 21 16:58:18 +0000 2017,@781132 🔥,2799870
2799873,781133,Tue Nov 21 10:26:07 +0000 2017,@781134 @633171 @JackBox All you think of is your stomach!!! ;-),2799872,JackBox,Tue Nov 21 16:57:55 +0000 2017,@781133 @781134 That's where the best ideas come from,
2799879,781135,Tue Nov 21 10:51:57 +0000 2017,"I love jack in the box 99¢ 🌮🌮! Cheap, simple and tasty 😋 @JackBox 🙌🏽",2799878,JackBox,Tue Nov 21 16:57:26 +0000 2017,@781135 🌮🌮,
2799883,781136,Tue Nov 21 16:36:22 +0000 2017,@781137 @118625 @JackBox Did the taco bell employees even say anything? No way you could've gone unnoticed 😂,2799881,JackBox,Tue Nov 21 16:53:57 +0000 2017,@781136 @781137 @118625 😂they are addicting,2799882
2880887,799414,Mon Nov 27 02:09:42 +0000 2017,When you ask for extra hot sauce on your tacos and literally get just that @JackBox https://t.co/54aQa4zJYG,2880886,JackBox,Mon Nov 27 18:35:05 +0000 2017,@799414 Can you DM me with details? Which location did you go to?,
2933151,163069,Tue Nov 28 20:19:50 +0000 2017,"@JackBox On the Spool Bus! 🚌 Get it?! ""School Bus""? ""Spool Bus""? 😄",2933150,JackBox,Tue Nov 28 23:35:38 +0000 2017,@163069 HAHAHA 😂,
2933153,163069,Tue Nov 28 18:29:10 +0000 2017,"@JackBox Hey, Jack! I got another great joke for you!
How did the needle and thread get to school?",2933152,JackBox,Tue Nov 28 19:45:11 +0000 2017,@163069 Hmmmm 🤔,2933151
2933156,811123,Tue Nov 28 18:38:32 +0000 2017,@JackBox It's so yummy! 😊,2933154,JackBox,Tue Nov 28 19:45:31 +0000 2017,@811123 😋,2933155
2933162,712273,Tue Nov 28 17:45:58 +0000 2017,@JackBox just giving a shout out to your store in LA. It’s on Vaness and slauson. 👏🏻👏🏻👏🏻👏🏻 you guys should really give that night crew some award! I stopped going to McDonalds(which is closer to home) and every other fast food burger joints. That store is amazing 👍🏻,2933161,JackBox,Tue Nov 28 19:19:06 +0000 2017,"@712273 Thank you for your Positive Feedback! We will be sending the report over to the appropriate management, and letting them know about your feedback!",
2933164,568120,Tue Nov 28 17:17:59 +0000 2017,My dogs recognize @JackBox and get stoked for chicken strips. 😂 https://t.co/WT4OHVX1Zg,2933163,JackBox,Tue Nov 28 18:25:10 +0000 2017,@568120 BEST TRAINED DOGS!,
2983496,822724,Wed Nov 29 20:02:56 +0000 2017,No @JackBox in Michigan = 3 stops in two days while on the road last weekend 🙌 https://t.co/BSt4FuUVEV,2983494,JackBox,Thu Nov 30 00:37:20 +0000 2017,@822724 worth it,2983495
2983498,822725,Wed Nov 29 20:09:03 +0000 2017,"For the record:  There is NO better way to spend ANY time than downing a few @Jackbox tacos.  In fact, on Monday, I crushed 4 beauties on my way from @127663 to biz meeting in PHX.  Needless to say, I killed it at the meeting! Thx Jack in the Box! #energyfood https://t.co/foJTAiIiV4",2983497,JackBox,Thu Nov 30 00:36:53 +0000 2017,@822725 @127663 #winning,
2983500,822726,Wed Nov 29 21:38:49 +0000 2017,@JackBox That's what SHE said!,2983499,JackBox,Thu Nov 30 00:36:09 +0000 2017,@822726 😂,
2983517,822734,Wed Nov 29 17:39:04 +0000 2017,@JackBox Drenched in hot sauce yessir,2983533,JackBox,Wed Nov 29 19:47:12 +0000 2017,@822734 😋,
2983519,822730,Wed Nov 29 18:47:28 +0000 2017,@JackBox just had two for lunch....should have been like 10 https://t.co/M7lm5USiW2,2983526,JackBox,Wed Nov 29 19:50:37 +0000 2017,"@822730 Common, your letting me down.","2983527,2983528"
2983521,822727,Tue Nov 28 23:59:52 +0000 2017,@JackBox will you strip for my friend for his birthday? :),2983520,JackBox,Wed Nov 29 19:52:33 +0000 2017,@822727 I'm blushing ☺️,
2983523,822728,Wed Nov 29 19:14:40 +0000 2017,"@822729 @JackBox I can't read the fine print, but does it have to be in the same game?",2983522,JackBox,Wed Nov 29 19:51:09 +0000 2017,@822728 @822729 Yes,
2983530,822732,Wed Nov 29 18:45:45 +0000 2017,Picked up a passenger 🐝 #bee on my @jackbox cup 😀 it was tired and thirsty so I let the bee have… https://t.co/pCFGLqUmAI,2983529,JackBox,Wed Nov 29 19:49:32 +0000 2017,@822732 #BFF,
2983532,822733,Wed Nov 29 18:44:10 +0000 2017,@JackBox Do you accept vintage coupons? We know we're a little late to redeem these... https://t.co/ZtD0JkcuHb,2983531,JackBox,Wed Nov 29 19:49:17 +0000 2017,"@822733 Some of those items aren't on the menu anymore. But, I think I have something else for you. DM me your address, and I'll get it out today.",
2983535,811437,Wed Nov 29 02:47:22 +0000 2017,I'm addicted to @JackBox tacos.,2983534,JackBox,Wed Nov 29 19:38:30 +0000 2017,"@811437 I mean, who isn't?",
2983537,822735,Wed Nov 29 01:08:12 +0000 2017,Why does Jack in the Box not have a number 9? @JackBox,2983536,JackBox,Wed Nov 29 19:37:56 +0000 2017,@822735 🤔,
2983539,822736,Tue Nov 28 23:29:26 +0000 2017,Okay but honestly can you add extra cheese to @JackBox tacos?? 🌮 🌮,2983538,JackBox,Wed Nov 29 19:37:26 +0000 2017,@822736 Of course!,
563411,251911,Sat Dec 02 07:54:38 +0000 2017,"@JackBox just picked up Onion Rings for my wife and was greeted by two huge hairs in them
#Disgusting #Fastfood #food #December1st https://t.co/V3tBWI9bjG",563410,JackBox,Sat Dec 02 15:23:46 +0000 2017,@251911 Can you DM me with details? Which location did you go to?,
563413,251912,Fri Dec 01 19:20:45 +0000 2017,@JackBox is this a joke? 🤢😷😂😭 https://t.co/5SKkazprj4,563412,JackBox,Sat Dec 02 15:18:01 +0000 2017,@251912 Can you DM me with details? Which location did you go to?,
606022,264038,Sun Nov 19 04:50:20 +0000 2017,they rlly be finessing our ass lmaoo https://t.co/6LmKkJuyOM,606021,JackBox,Wed Nov 22 03:41:56 +0000 2017,@264038 .@264038 Nice try... 🤔 maybe we should get you some real magic lessons. Seriously. DM me.,
612153,265564,Mon Sep 04 22:17:39 +0000 2017,So bad and so so so good. #jackinthebox https://t.co/QGxi8PJRwY,612152,JackBox,Thu Sep 07 23:07:40 +0000 2017,@265564 Great pic! Can we feature it on our site. Respond #cravevan if you're 18+. More info visit https://t.co/YehurXkW9u,
621728,267541,Wed Oct 04 14:50:05 +0000 2017,"*pulls into @JackBox for iced coffee*

employee (7:48 AM): would you like to try our new ribeye burger?

me: https://t.co/wzy7Y48lY7",621727,JackBox,Wed Oct 04 16:12:43 +0000 2017,@267541 Oh snap,
621917,267607,Fri Sep 15 16:30:31 +0000 2017,Happy National Double Cheeseburger Day!  Enjoy a juicy one from @JackBox 😊 #FoodHoliday #DoubleCheeseburgerDay 🧀🧀🍔🍔 https://t.co/BwxrWzjGeX,621916,JackBox,Fri Sep 15 22:24:20 +0000 2017,@267607 nom nom nom,
628211,268804,Thu Sep 14 01:43:21 +0000 2017,Y'ALL ALREADY KNOW WTF IS GOING ON @JackBox https://t.co/VP7DwK45gZ,628210,JackBox,Thu Sep 14 16:26:41 +0000 2017,@268804 BOOM!,
628213,268805,Wed Sep 13 19:56:02 +0000 2017,I went to @JackBox with my mom because it's #NationalMilkshakeDay and I got A BIRTHDAY CAKE MILKSHAKE. PLEASE CARRY THIS FOREVER.,628212,JackBox,Wed Sep 13 20:46:16 +0000 2017,@268805 🙌,
7049,117223,Sat Nov 04 21:17:04 +0000 2017,"@JackBox My curly fries were still hot and perfect at the bottom on a takeout order! Cheers to the JITB on S. Cooper St. in Arlington, TX!",7048,JackBox,Mon Nov 06 18:49:12 +0000 2017,@117223 🍟,
865562,325556,Sun Oct 08 16:20:34 +0000 2017,"@JackBox fail. Ordered a classic buttery jack. Bun burnt. No veggies. Dried. And the cheese, so thin you can see through it",865561,JackBox,Sun Oct 08 22:12:31 +0000 2017,@325556 Oh no! We’re so sorry to hear that.  Can you send us a private message with details about your experience. Which location did you go to?,
865564,325557,Sun Oct 08 14:45:54 +0000 2017,"@JackBox Seriously, you are charging customers for water now? #badcustomerservice",865563,JackBox,Sun Oct 08 22:08:58 +0000 2017,@325557 Oh no! We’re so sorry to hear that.  Can you send us a private message with details about your experience. Which location did you go to?,
865566,325558,Sun Oct 08 21:51:13 +0000 2017,@JackBox really??? Only 2 people in restaurant and no one cleaned this #lazyworker #dirtyrestaraunt #noonecares https://t.co/zavwrptnUE,865565,JackBox,Sun Oct 08 21:52:56 +0000 2017,"@325558 Uh oh, that’s not good to hear. Can you DM me with details? Which location did you go to?",
865568,325559,Sun Oct 08 21:09:03 +0000 2017,Just threw up cuz I wanted to be stupid and eat a burger at @JackBox #FuckFastFood !!!!,865567,JackBox,Sun Oct 08 21:44:35 +0000 2017,@325559 So sorry about that! Can you send us a private message to discuss this further?,
